,Time,CHEM_SNR_LW1,CHEM_SNR_LW2,CHEM_SNR_LW3,CHEM_SNR_LW4,LAT,LON,ALT,LW1,LW2,LW3,LW4
0,55731,-99.0,-99.0,-99.0,-99.0,35.72749,-78.6963046,16.103,-99.0,-99.0,-99.0,-99.0
1,55732,-99.0,-99.0,-99.0,-99.0,35.72749,-78.6963046,16.115,-99.0,-99.0,-99.0,-99.0
2,55733,-99.0,-99.0,-99.0,-99.0,35.7274901,-78.6963046,16.107,-99.0,-99.0,-99.0,-99.0
3,55734,-99.0,-99.0,-99.0,-99.0,35.7274902,-78.6963046,16.108,-99.0,-99.0,-99.0,-99.0
4,55735,-99.0,-99.0,-99.0,-99.0,35.7274904,-78.6963047,16.103,-99.0,-99.0,-99.0,-99.0
5,55736,-99.0,-99.0,-99.0,-99.0,35.7274906,-78.6963047,16.105,-99.0,-99.0,-99.0,-99.0
6,55737,-99.0,-99.0,-99.0,-99.0,35.7274907,-78.6963047,16.119,-99.0,-99.0,-99.0,-99.0
7,55738,-99.0,-99.0,-99.0,-99.0,35.7274908,-78.6963046,16.105,-99.0,-99.0,-99.0,-99.0
8,55739,-99.0,-99.0,-99.0,-99.0,35.7274908,-78.6963045,16.09,-99.0,-99.0,-99.0,-99.0
9,55740,-99.0,-99.0,-99.0,-99.0,35.7274908,-78.6963044,16.097,-99.0,-99.0,-99.0,-99.0
10,55741,-99.0,-99.0,-99.0,-99.0,35.7274908,-78.6963043,16.101,-99.0,-99.0,-99.0,-99.0
11,55742,-99.0,-99.0,-99.0,-99.0,35.7274907,-78.6963043,16.098,-99.0,-99.0,-99.0,-99.0
12,55743,-99.0,-99.0,-99.0,-99.0,35.7274906,-78.6963043,16.091,-99.0,-99.0,-99.0,-99.0
13,55744,-99.0,-99.0,-99.0,-99.0,35.7274905,-78.6963043,16.087,-99.0,-99.0,-99.0,-99.0
14,55745,-99.0,-99.0,-99.0,-99.0,35.7274904,-78.6963043,16.08,-99.0,-99.0,-99.0,-99.0
15,55746,-99.0,-99.0,-99.0,-99.0,35.7274904,-78.6963043,16.086,-99.0,-99.0,-99.0,-99.0
16,55747,-99.0,-99.0,-99.0,-99.0,35.7274905,-78.6963045,16.07,-99.0,-99.0,-99.0,-99.0
17,55748,-99.0,-99.0,-99.0,-99.0,35.7274905,-78.6963046,16.064,-99.0,-99.0,-99.0,-99.0
18,55749,-99.0,-99.0,-99.0,-99.0,35.7274905,-78.6963047,16.058,-99.0,-99.0,-99.0,-99.0
19,55750,-99.0,-99.0,-99.0,-99.0,35.7274905,-78.6963046,16.058,-99.0,-99.0,-99.0,-99.0
20,55751,-99.0,-99.0,-99.0,-99.0,35.7274904,-78.6963046,16.063,-99.0,-99.0,-99.0,-99.0
21,55752,-99.0,-99.0,-99.0,-99.0,35.7274903,-78.6963045,16.056,-99.0,-99.0,-99.0,-99.0
22,55753,-99.0,-99.0,-99.0,-99.0,35.7274902,-78.6963045,16.065,-99.0,-99.0,-99.0,-99.0
23,55754,-99.0,-99.0,-99.0,-99.0,35.72749,-78.6963045,16.079,-99.0,-99.0,-99.0,-99.0
24,55755,-99.0,-99.0,-99.0,-99.0,35.7274899,-78.6963045,16.079,-99.0,-99.0,-99.0,-99.0
25,55756,-99.0,-99.0,-99.0,-99.0,35.7274898,-78.6963045,16.099,-99.0,-99.0,-99.0,-99.0
26,55757,-99.0,-99.0,-99.0,-99.0,35.7274899,-78.6963046,16.123,-99.0,-99.0,-99.0,-99.0
27,55758,-99.0,-99.0,-99.0,-99.0,35.7274899,-78.6963047,16.099,-99.0,-99.0,-99.0,-99.0
28,55759,-99.0,-99.0,-99.0,-99.0,35.7274899,-78.6963048,16.126,-99.0,-99.0,-99.0,-99.0
29,55760,-99.0,-99.0,-99.0,-99.0,35.72749,-78.6963049,16.12,-99.0,-99.0,-99.0,-99.0
30,55761,-99.0,-99.0,-99.0,-99.0,35.72749,-78.696305,16.113,-99.0,-99.0,-99.0,-99.0
31,55762,-99.0,-99.0,-99.0,-99.0,35.72749,-78.6963052,16.114,-99.0,-99.0,-99.0,-99.0
32,55763,-99.0,-99.0,-99.0,-99.0,35.7274902,-78.6963053,16.09,-99.0,-99.0,-99.0,-99.0
33,55764,-99.0,-99.0,-99.0,-99.0,35.7274902,-78.6963053,16.082,-99.0,-99.0,-99.0,-99.0
34,55765,-99.0,-99.0,-99.0,-99.0,35.7274903,-78.6963054,16.101,-99.0,-99.0,-99.0,-99.0
35,55766,-99.0,-99.0,-99.0,-99.0,35.7274902,-78.6963054,16.088,-99.0,-99.0,-99.0,-99.0
36,55767,-99.0,-99.0,-99.0,-99.0,35.7274903,-78.6963054,16.103,-99.0,-99.0,-99.0,-99.0
37,55768,-99.0,-99.0,-99.0,-99.0,35.7274903,-78.6963055,16.099,-99.0,-99.0,-99.0,-99.0
38,55769,-99.0,-99.0,-99.0,-99.0,35.7274904,-78.6963056,16.086,-99.0,-99.0,-99.0,-99.0
39,55770,-99.0,-99.0,-99.0,-99.0,35.7274905,-78.6963058,16.088,-99.0,-99.0,-99.0,-99.0
40,55771,-99.0,-99.0,-99.0,-99.0,35.7274907,-78.6963061,16.108,-99.0,-99.0,-99.0,-99.0
41,55772,-99.0,-99.0,-99.0,-99.0,35.7274908,-78.6963063,16.108,-99.0,-99.0,-99.0,-99.0
42,55773,-99.0,-99.0,-99.0,-99.0,35.727491,-78.6963064,16.12,-99.0,-99.0,-99.0,-99.0
43,55774,-99.0,-99.0,-99.0,-99.0,35.7274911,-78.6963065,16.112,-99.0,-99.0,-99.0,-99.0
44,55775,-99.0,-99.0,-99.0,-99.0,35.7274912,-78.6963066,16.114,-99.0,-99.0,-99.0,-99.0
45,55776,-99.0,-99.0,-99.0,-99.0,35.7274913,-78.6963066,16.107,-99.0,-99.0,-99.0,-99.0
46,55777,-99.0,-99.0,-99.0,-99.0,35.7274914,-78.6963067,16.109,-99.0,-99.0,-99.0,-99.0
47,55778,-99.0,-99.0,-99.0,-99.0,35.7274915,-78.6963067,16.108,-99.0,-99.0,-99.0,-99.0
48,55779,-99.0,-99.0,-99.0,-99.0,35.7274917,-78.6963067,16.11,-99.0,-99.0,-99.0,-99.0
49,55780,-99.0,-99.0,-99.0,-99.0,35.7274918,-78.6963067,16.105,-99.0,-99.0,-99.0,-99.0
50,55781,-99.0,-99.0,-99.0,-99.0,35.7274919,-78.6963067,16.113,-99.0,-99.0,-99.0,-99.0
51,55782,-99.0,-99.0,-99.0,-99.0,35.727492,-78.6963067,16.121,-99.0,-99.0,-99.0,-99.0
52,55783,-99.0,-99.0,-99.0,-99.0,35.7274922,-78.6963068,16.118,-99.0,-99.0,-99.0,-99.0
53,55784,-99.0,-99.0,-99.0,-99.0,35.7274924,-78.6963068,16.111,-99.0,-99.0,-99.0,-99.0
54,55785,-99.0,-99.0,-99.0,-99.0,35.7274925,-78.696307,16.122,-99.0,-99.0,-99.0,-99.0
55,55786,-99.0,-99.0,-99.0,-99.0,35.7274926,-78.696307,16.132,-99.0,-99.0,-99.0,-99.0
56,55787,-99.0,-99.0,-99.0,-99.0,35.7274926,-78.6963069,16.145,-99.0,-99.0,-99.0,-99.0
57,55788,-99.0,-99.0,-99.0,-99.0,35.7274926,-78.6963069,16.137,-99.0,-99.0,-99.0,-99.0
58,55789,-99.0,-99.0,-99.0,-99.0,35.7274926,-78.696307,16.138,-99.0,-99.0,-99.0,-99.0
59,55790,-99.0,-99.0,-99.0,-99.0,35.7274925,-78.696307,16.159,-99.0,-99.0,-99.0,-99.0
60,55791,-99.0,-99.0,-99.0,-99.0,35.7274925,-78.696307,16.172,-99.0,-99.0,-99.0,-99.0
61,55792,-99.0,-99.0,-99.0,-99.0,35.7274925,-78.696307,16.173,-99.0,-99.0,-99.0,-99.0
62,55793,-99.0,-99.0,-99.0,-99.0,35.7274926,-78.6963071,16.176,-99.0,-99.0,-99.0,-99.0
63,55794,-99.0,-99.0,-99.0,-99.0,35.7274927,-78.6963071,16.177,-99.0,-99.0,-99.0,-99.0
64,55795,-99.0,-99.0,-99.0,-99.0,35.7274929,-78.6963071,16.167,-99.0,-99.0,-99.0,-99.0
65,55796,-99.0,-99.0,-99.0,-99.0,35.7274931,-78.6963071,16.149,-99.0,-99.0,-99.0,-99.0
66,55797,-99.0,-99.0,-99.0,-99.0,35.7274931,-78.6963071,16.153,-99.0,-99.0,-99.0,-99.0
67,55798,-99.0,-99.0,-99.0,-99.0,35.7274931,-78.696307,16.141,-99.0,-99.0,-99.0,-99.0
68,55799,-99.0,-99.0,-99.0,-99.0,35.7274931,-78.6963069,16.127,-99.0,-99.0,-99.0,-99.0
69,55800,-99.0,-99.0,-99.0,-99.0,35.7274931,-78.6963068,16.119,-99.0,-99.0,-99.0,-99.0
70,55801,-99.0,-99.0,-99.0,-99.0,35.7274931,-78.6963066,16.107,-99.0,-99.0,-99.0,-99.0
71,55802,-99.0,-99.0,-99.0,-99.0,35.7274931,-78.6963065,16.114,-99.0,-99.0,-99.0,-99.0
72,55803,-99.0,-99.0,-99.0,-99.0,35.7274931,-78.6963066,16.139,-99.0,-99.0,-99.0,-99.0
73,55804,-99.0,-99.0,-99.0,-99.0,35.7274931,-78.6963066,16.136,-99.0,-99.0,-99.0,-99.0
74,55805,-99.0,-99.0,-99.0,-99.0,35.7274931,-78.6963066,16.16,-99.0,-99.0,-99.0,-99.0
75,55806,-99.0,-99.0,-99.0,-99.0,35.7274931,-78.6963067,16.162,-99.0,-99.0,-99.0,-99.0
76,55807,-99.0,-99.0,-99.0,-99.0,35.7274932,-78.6963068,16.153,-99.0,-99.0,-99.0,-99.0
77,55808,-99.0,-99.0,-99.0,-99.0,35.7274934,-78.6963069,16.154,-99.0,-99.0,-99.0,-99.0
78,55809,-99.0,-99.0,-99.0,-99.0,35.7274936,-78.6963069,16.157,-99.0,-99.0,-99.0,-99.0
79,55810,-99.0,-99.0,-99.0,-99.0,35.7274936,-78.6963068,16.176,-99.0,-99.0,-99.0,-99.0
80,55811,-99.0,-99.0,-99.0,-99.0,35.7274936,-78.6963068,16.184,-99.0,-99.0,-99.0,-99.0
81,55812,-99.0,-99.0,-99.0,-99.0,35.7274936,-78.6963067,16.174,-99.0,-99.0,-99.0,-99.0
82,55813,-99.0,-99.0,-99.0,-99.0,35.7274936,-78.6963067,16.179,-99.0,-99.0,-99.0,-99.0
83,55814,-99.0,-99.0,-99.0,-99.0,35.7274936,-78.6963067,16.181,-99.0,-99.0,-99.0,-99.0
84,55815,-99.0,-99.0,-99.0,-99.0,35.7274936,-78.6963067,16.172,-99.0,-99.0,-99.0,-99.0
85,55816,-99.0,-99.0,-99.0,-99.0,35.7274937,-78.6963067,16.166,-99.0,-99.0,-99.0,-99.0
86,55817,-99.0,-99.0,-99.0,-99.0,35.7274938,-78.6963068,16.161,-99.0,-99.0,-99.0,-99.0
87,55818,-99.0,-99.0,-99.0,-99.0,35.7274938,-78.6963069,16.159,-99.0,-99.0,-99.0,-99.0
88,55819,-99.0,-99.0,-99.0,-99.0,35.7274939,-78.696307,16.155,-99.0,-99.0,-99.0,-99.0
89,55820,-99.0,-99.0,-99.0,-99.0,35.727494,-78.6963069,16.171,-99.0,-99.0,-99.0,-99.0
90,55821,-99.0,-99.0,-99.0,-99.0,35.727494,-78.6963069,16.179,-99.0,-99.0,-99.0,-99.0
91,55822,-99.0,-99.0,-99.0,-99.0,35.727494,-78.6963068,16.18,-99.0,-99.0,-99.0,-99.0
92,55823,-99.0,-99.0,-99.0,-99.0,35.7274939,-78.6963067,16.174,-99.0,-99.0,-99.0,-99.0
93,55824,-99.0,-99.0,-99.0,-99.0,35.7274939,-78.6963067,16.175,-99.0,-99.0,-99.0,-99.0
94,55825,-99.0,-99.0,-99.0,-99.0,35.7274939,-78.6963067,16.171,-99.0,-99.0,-99.0,-99.0
95,55826,-99.0,-99.0,-99.0,-99.0,35.7274938,-78.6963066,16.162,-99.0,-99.0,-99.0,-99.0
96,55827,-99.0,-99.0,-99.0,-99.0,35.7274937,-78.6963066,16.165,-99.0,-99.0,-99.0,-99.0
97,55828,-99.0,-99.0,-99.0,-99.0,35.7274937,-78.6963066,16.192,-99.0,-99.0,-99.0,-99.0
98,55829,-99.0,-99.0,-99.0,-99.0,35.7274936,-78.6963066,16.189,-99.0,-99.0,-99.0,-99.0
99,55830,-99.0,-99.0,-99.0,-99.0,35.7274935,-78.6963066,16.196,-99.0,-99.0,-99.0,-99.0
100,55831,-99.0,-99.0,-99.0,-99.0,35.7274935,-78.6963066,16.202,-99.0,-99.0,-99.0,-99.0
101,55832,-99.0,-99.0,-99.0,-99.0,35.7274935,-78.6963066,16.207,-99.0,-99.0,-99.0,-99.0
102,55833,-99.0,-99.0,-99.0,-99.0,35.7274935,-78.6963066,16.204,-99.0,-99.0,-99.0,-99.0
103,55834,-99.0,-99.0,-99.0,-99.0,35.7274934,-78.6963065,16.212,-99.0,-99.0,-99.0,-99.0
104,55835,-99.0,-99.0,-99.0,-99.0,35.7274933,-78.6963064,16.218,-99.0,-99.0,-99.0,-99.0
105,55836,-99.0,-99.0,-99.0,-99.0,35.7274932,-78.6963063,16.214,-99.0,-99.0,-99.0,-99.0
106,55837,-99.0,-99.0,-99.0,-99.0,35.727493,-78.6963061,16.208,-99.0,-99.0,-99.0,-99.0
107,55838,-99.0,-99.0,-99.0,-99.0,35.7274929,-78.6963059,16.198,-99.0,-99.0,-99.0,-99.0
108,55839,-99.0,-99.0,-99.0,-99.0,35.7274928,-78.6963057,16.201,-99.0,-99.0,-99.0,-99.0
109,55840,-99.0,-99.0,-99.0,-99.0,35.7274928,-78.6963057,16.204,-99.0,-99.0,-99.0,-99.0
110,55841,-99.0,-99.0,-99.0,-99.0,35.7274929,-78.6963056,16.22,-99.0,-99.0,-99.0,-99.0
111,55842,-99.0,-99.0,-99.0,-99.0,35.7274929,-78.6963056,16.215,-99.0,-99.0,-99.0,-99.0
112,55843,-99.0,-99.0,-99.0,-99.0,35.7274929,-78.6963055,16.215,-99.0,-99.0,-99.0,-99.0
113,55844,-99.0,-99.0,-99.0,-99.0,35.7274929,-78.6963055,16.212,-99.0,-99.0,-99.0,-99.0
114,55845,-99.0,-99.0,-99.0,-99.0,35.727493,-78.6963054,16.202,-99.0,-99.0,-99.0,-99.0
115,55846,-99.0,-99.0,-99.0,-99.0,35.727493,-78.6963053,16.196,-99.0,-99.0,-99.0,-99.0
116,55847,-99.0,-99.0,-99.0,-99.0,35.727493,-78.6963052,16.191,-99.0,-99.0,-99.0,-99.0
117,55848,-99.0,-99.0,-99.0,-99.0,35.7274929,-78.6963051,16.22,-99.0,-99.0,-99.0,-99.0
118,55849,-99.0,-99.0,-99.0,-99.0,35.7274929,-78.6963049,16.244,-99.0,-99.0,-99.0,-99.0
119,55850,-99.0,-99.0,-99.0,-99.0,35.7274928,-78.6963047,16.263,-99.0,-99.0,-99.0,-99.0
120,55851,-99.0,-99.0,-99.0,-99.0,35.7274927,-78.6963045,16.285,-99.0,-99.0,-99.0,-99.0
121,55852,-99.0,-99.0,-99.0,-99.0,35.7274926,-78.6963043,16.292,-99.0,-99.0,-99.0,-99.0
122,55853,-99.0,-99.0,-99.0,-99.0,35.7274925,-78.6963043,16.293,-99.0,-99.0,-99.0,-99.0
123,55854,-99.0,-99.0,-99.0,-99.0,35.7274924,-78.6963043,16.298,-99.0,-99.0,-99.0,-99.0
124,55855,-99.0,-99.0,-99.0,-99.0,35.7274924,-78.6963042,16.301,-99.0,-99.0,-99.0,-99.0
125,55856,-99.0,-99.0,-99.0,-99.0,35.7274923,-78.6963042,16.296,-99.0,-99.0,-99.0,-99.0
126,55857,-99.0,-99.0,-99.0,-99.0,35.7274921,-78.6963041,0.01,-99.0,-99.0,-99.0,-99.0
127,55858,-99.0,-99.0,-99.0,-99.0,35.7274919,-78.6963039,0.008,-99.0,-99.0,-99.0,-99.0
128,55859,-99.0,-99.0,-99.0,-99.0,35.7274918,-78.6963038,0.002,12.277809,-12.060598,-51.182587,-52.13802
129,55860,-99.0,-99.0,-99.0,-99.0,35.7274916,-78.6963037,-0.002,12.469376,-12.833494,-53.747284,-52.625412
130,55861,-99.0,-99.0,-99.0,-99.0,35.7274914,-78.6963038,-0.006,12.122158,-12.782965,-49.500885,-51.36824
131,55862,-99.0,-99.0,-99.0,-99.0,35.7274912,-78.6963038,0.01,12.379101,-13.670158,-50.547184,-53.533985
132,55863,-99.0,-99.0,-99.0,-99.0,35.7274897,-78.6963023,0.961,12.661877,-11.969215,-50.148911,-52.266136
133,55864,-99.0,-99.0,-99.0,-99.0,35.7274887,-78.6963003,3.49,17.920307,-12.690771,-53.447407,-53.379719
134,55865,-99.0,-99.0,-99.0,-99.0,35.7274884,-78.6962997,6.194,20.288528,-11.798349,-56.819202,-52.725857
135,55866,-99.0,-99.0,-99.0,-99.0,35.7274895,-78.6962999,8.628,18.112049,-18.907036,-28.811148,-54.969048
136,55867,-99.0,-99.0,-99.0,-99.0,35.7274907,-78.6963017,11.04,17.505199,-16.681808,-21.804241,-52.576302
137,55868,-99.0,-99.0,-99.0,-99.0,35.7274914,-78.6963037,13.522,9.252914,-11.437654,-11.40884,-51.586441
138,55869,-99.0,-99.0,-99.0,-99.0,35.7274915,-78.6963049,16.043,11.589581,-12.57962,-11.971512,-55.26815
139,55870,24.970516,1.039961,-25.168854,-1.702986,35.727491,-78.6963052,18.532,6.49823,-10.164238,-10.573067,-53.10173
140,55871,24.970516,1.039961,-25.168854,-1.702986,35.7274907,-78.6963047,20.952,10.90723,-12.908209,-11.729712,-50.98682
141,55872,24.970516,1.039961,-25.168854,-1.702986,35.7274906,-78.6963039,22.824,11.05677,-20.160782,-11.658195,-54.742447
142,55873,24.970516,1.039961,-25.168854,-1.702986,35.7274907,-78.6963032,24.127,10.832893,-10.569824,-14.141041,-50.843548
143,55874,24.970516,1.039961,-25.168854,-1.702986,35.727491,-78.6963029,24.911,3.984047,-12.652729,-8.549953,-49.154053
144,55875,24.970516,1.039961,-25.168854,-1.702986,35.7274913,-78.6963029,25.07,11.208385,-10.368435,-14.562428,-51.50856
145,55876,24.970516,1.039961,-25.168854,-1.702986,35.7274915,-78.6963031,24.952,16.070229,-7.797039,-8.583103,-52.490593
146,55877,24.970516,1.039961,-25.168854,-1.702986,35.7274915,-78.6963035,25.026,16.195435,-7.549934,-8.442087,-53.043564
147,55878,24.970516,1.039961,-25.168854,-1.702986,35.7274915,-78.6963037,25.049,15.443878,-7.235466,-8.076334,-52.44561
148,55879,24.970516,1.039961,-25.168854,-1.702986,35.7274913,-78.6963038,25.002,17.406326,-7.202316,-8.05081,-56.210701
149,55880,24.970516,1.039961,-25.168854,-1.702986,35.7274916,-78.6963041,25.041,11.327923,-11.981981,-11.396259,-54.540974
150,55881,24.970516,1.039961,-25.168854,-1.702986,35.7274955,-78.6962906,25.013,21.036858,-11.400682,-18.056135,-58.418617
151,55882,24.970516,1.039961,-25.168854,-1.702986,35.727505,-78.6962515,25.049,12.279133,-9.322199,-11.280605,-52.967857
152,55883,24.723907,0.778168,-21.007328,0.701307,35.7275152,-78.6962082,25.061,13.295071,-14.487912,-10.57122,-50.09436
153,55884,26.173729,0.097839,-0.354269,-2.545368,35.7275229,-78.6961781,25.028,20.826935,-16.558382,-14.626076,-51.722435
154,55885,26.729576,0.062284,-0.925579,-1.689516,35.7275268,-78.6961643,24.998,24.769352,-16.771177,-9.877806,-52.158081
155,55886,29.318829,2.290657,-1.436598,-2.643108,35.7275279,-78.6961621,25.014,24.449162,-16.324358,-10.246517,-51.741257
156,55887,29.318829,2.290657,-1.436598,-2.643108,35.7275281,-78.6961628,25.018,26.001621,-12.7656,-14.022982,-64.743256
157,55888,29.820107,-0.87891,-1.058521,-1.092932,35.7275275,-78.6961636,25.032,28.881199,-11.808491,-20.824219,-73.754066
158,55889,29.820107,-0.87891,-1.058521,-1.092932,35.727527,-78.6961647,24.976,29.674919,-10.294006,-18.228966,-52.127769
159,55890,29.318829,2.290657,-1.436598,-2.643108,35.7275286,-78.696165,25.044,27.037365,-8.397562,-13.726749,-49.617523
160,55891,27.621777,-0.460482,-1.148443,-2.526569,35.7275302,-78.6961634,25.04,27.124313,-9.078066,-10.563263,-59.589104
161,55892,27.621777,-0.460482,-1.148443,-2.526569,35.7275305,-78.6961608,25.066,27.63245,-26.375862,-11.171917,-59.211906
162,55893,27.831383,0.042686,1.577202,-2.382837,35.7275286,-78.6961592,25.028,21.015789,-53.555099,-10.228121,-52.343182
163,55894,28.477455,1.731199,-2.498104,-1.64333,35.7275252,-78.6961605,25.076,15.355724,-28.197063,-7.56946,-51.444771
164,55895,27.85611,-0.440245,0.986488,-0.609797,35.7275229,-78.6961644,25.038,19.15134,-30.925293,-8.374451,-53.50576
165,55896,27.85611,-0.440245,0.986488,-0.609797,35.7275227,-78.6961688,25.049,23.981236,-11.980209,-10.870651,-53.87529
166,55897,26.173729,0.097839,-0.354269,-2.545368,35.7275235,-78.6961721,25.026,27.478172,-12.302326,-13.595303,-50.013168
167,55898,26.173729,0.097839,-0.354269,-2.545368,35.7275248,-78.6961732,25.028,28.77095,-15.576549,-14.52223,-51.009701
168,55899,26.173729,0.097839,-0.354269,-2.545368,35.7275259,-78.6961722,25.018,26.397724,-11.838402,-17.919231,-52.653618
169,55900,26.173729,0.097839,-0.354269,-2.545368,35.7275264,-78.6961702,25.016,27.625298,-13.859018,-18.643555,-53.321819
170,55901,26.173729,0.097839,-0.354269,-2.545368,35.7275264,-78.696168,25.04,28.263176,-15.888449,-16.825148,-66.379814
171,55902,27.85611,-0.440245,0.986488,-0.609797,35.7275258,-78.6961659,25.049,26.510395,-11.885567,-16.728191,-57.542091
172,55903,27.85611,-0.440245,0.986488,-0.609797,35.727525,-78.6961635,25.022,24.60413,-23.677078,-11.240377,-52.576019
173,55904,28.087769,0.537516,-0.097225,-1.866869,35.7275333,-78.6961679,25.05,17.751892,-18.292271,-11.55916,-52.402439
174,55905,26.480492,0.223934,-1.596306,0.060032,35.7275627,-78.6961879,25.121,19.175186,-23.49464,-16.42852,-50.940109
175,55906,27.095482,0.679667,-0.995483,0.104727,35.727612,-78.6962231,25.138,23.229534,-39.516426,-15.448286,-52.278759
176,55907,25.372242,1.801323,0.336439,-2.163244,35.7276803,-78.6962726,25.302,20.528927,-16.851753,-20.226166,-56.156319
177,55908,24.151413,1.221703,0.286087,-1.467991,35.7277582,-78.6963291,25.303,19.635498,-31.329067,-27.066042,-51.909874
178,55909,24.158745,-0.043194,-0.884361,-1.992247,35.7278369,-78.6963858,25.216,12.644577,-17.883396,-12.578951,-54.313019
179,55910,20.322342,0.452438,0.253273,0.53241,35.7279156,-78.6964415,25.085,10.039669,-24.413485,-18.155247,-52.336525
180,55911,18.790707,0.695591,-31.487917,-1.235209,35.7279927,-78.6964975,25.051,12.661575,-16.552097,-12.805237,-55.405571
181,55912,18.205059,-0.190775,-0.049824,-2.314787,35.7280694,-78.6965538,25.055,10.443459,-17.349125,-13.289406,-59.229729
182,55913,16.698925,0.942253,-1.026638,-2.249817,35.728147,-78.6966102,25.049,12.000175,-18.011129,-18.832294,-52.251251
183,55914,14.818619,0.864393,-1.02113,-1.48295,35.7282253,-78.6966673,25.083,9.129883,-18.169651,-21.842289,-51.791901
184,55915,15.148148,0.779663,-0.270285,1.118181,35.7283028,-78.6967237,24.992,7.526093,-26.537415,-17.241283,-51.330254
185,55916,12.279121,3.162392,-1.357067,-0.718475,35.7283806,-78.6967801,25.05,6.372253,-14.547729,-16.895859,-52.607182
186,55917,12.889946,1.305275,-1.503307,0.163965,35.7284592,-78.6968367,25.075,8.62133,-19.079643,-24.659946,-53.822929
187,55918,10.743317,0.677763,-0.872648,-0.192823,35.7285378,-78.6968923,24.992,7.389942,-13.318346,-18.229916,-53.944542
188,55919,11.670219,2.856598,-1.837242,0.375978,35.7286166,-78.6969469,24.999,7.684078,-18.879673,-18.316357,-51.701881
189,55920,12.108902,1.876062,-1.468952,0.864054,35.7286947,-78.6970015,25.029,4.967358,-23.337414,-14.575962,-54.886635
190,55921,10.151337,1.846901,-4.491613,0.439968,35.7287723,-78.697057,25.057,5.914494,-22.721331,-18.031616,-54.718994
191,55922,9.271839,1.989599,-1.375158,2.287243,35.7288495,-78.6971117,24.954,2.152145,-27.427958,-16.04937,-52.519096
192,55923,9.824963,1.65904,-1.77944,1.11006,35.728926,-78.6971664,24.975,7.020702,-16.862579,-20.573425,-53.066475
193,55924,8.079201,1.379906,-4.187284,1.600185,35.7290027,-78.6972224,25.06,6.610706,-17.214396,-15.108016,-53.60326
194,55925,8.592182,3.521561,-3.638514,1.28854,35.7290806,-78.6972791,25.089,4.439804,-11.8993,-12.711987,-55.593079
195,55926,7.10067,1.842508,-2.756624,1.033848,35.7291592,-78.6973357,25.099,4.816185,-14.081076,-12.509336,-63.645081
196,55927,8.772972,2.904507,-2.274567,1.175386,35.7292381,-78.6973919,25.032,2.004375,-10.900337,-12.911762,-53.372021
197,55928,6.915234,3.687672,-1.867771,1.208866,35.729316,-78.697448,24.974,6.177933,-20.337772,-12.497433,-53.464588
198,55929,8.025116,2.927147,-2.688971,2.539742,35.7293933,-78.6975033,25.018,0.075603,-9.630323,-13.698309,-52.081764
199,55930,7.267178,2.101585,-1.769398,1.01296,35.7294709,-78.6975589,25.15,-3.495525,-8.275751,-19.741285,-52.614746
200,55931,5.781841,0.799717,-5.217102,1.17094,35.7295475,-78.6976141,25.179,4.133511,-11.679623,-24.959879,-53.685341
201,55932,7.106968,2.992531,-2.442247,1.79327,35.7296242,-78.6976688,25.045,-1.434095,-11.591558,-18.777174,-52.012985
202,55933,5.146534,4.161919,-2.363276,2.037552,35.7297014,-78.6977231,25.08,-2.973307,-10.245075,-17.094856,-52.813118
203,55934,4.509007,2.221985,-4.267082,3.924099,35.7297796,-78.6977783,25.075,3.007111,-5.219896,-23.254074,-54.463444
204,55935,5.364746,1.65517,-4.34701,3.035477,35.7298587,-78.697835,25.082,2.333389,-21.994724,-23.131525,-66.640289
205,55936,3.905312,1.934616,-1.949974,3.047451,35.7299369,-78.6978916,25.055,-11.863987,-5.24135,-21.339966,-61.445938
206,55937,4.056351,3.557945,-2.313072,3.467342,35.7300135,-78.6979473,25.134,1.554714,-1.009388,-21.352268,-51.462818
207,55938,3.961975,3.858429,-3.38442,4.52216,35.7300821,-78.6979977,25.207,1.231121,-11.344889,-24.966246,-42.800316
208,55939,4.342251,2.887115,-3.735245,4.709419,35.7301404,-78.6980394,25.002,2.000053,-13.822281,-20.490646,-20.028881
209,55940,1.629515,3.465939,-3.487726,4.06617,35.7301872,-78.698072,24.965,3.098534,-14.681723,-17.787661,-21.462536
210,55941,3.98502,2.895664,-5.104488,4.722443,35.7302234,-78.6980965,24.883,-8.791145,-9.331963,-18.096977,-25.760798
211,55942,2.735748,2.593266,-4.201582,3.798523,35.7302469,-78.698113,24.729,-2.758055,-5.927559,-19.686783,-21.110985
212,55943,4.024025,2.088455,-3.583519,5.025059,35.7302574,-78.6981206,24.807,-9.733812,-4.977427,-20.336367,-18.809143
213,55944,3.88641,2.476887,-4.48918,4.625935,35.7302586,-78.6981223,24.941,-8.183352,-7.346817,-22.755535,-18.429298
214,55945,3.88641,2.476887,-4.48918,4.625935,35.7302574,-78.6981226,24.975,-2.644995,-4.394382,-23.178358,-25.654373
215,55946,4.024025,2.088455,-3.583519,5.025059,35.7302561,-78.6981225,24.982,-1.391018,-7.190708,-27.936893,-29.142811
216,55947,4.024025,2.088455,-3.583519,5.025059,35.7302554,-78.6981219,24.978,0.611647,-4.181196,-23.634407,-19.358423
217,55948,2.974266,4.19614,-3.713167,4.560646,35.7302549,-78.698121,25.009,-6.550255,-3.813871,-27.884731,-20.568409
218,55949,2.974266,4.19614,-3.713167,4.560646,35.7302543,-78.6981204,25.001,-6.966711,-1.505859,-25.904657,-20.99103
219,55950,2.974266,4.19614,-3.713167,4.560646,35.7302547,-78.6981204,24.964,-14.249945,-0.55854,-30.031157,-18.177799
220,55951,2.974266,4.19614,-3.713167,4.560646,35.7302557,-78.6981201,24.998,-9.677036,-0.883148,-27.348974,-13.853027
221,55952,2.974266,4.19614,-3.713167,4.560646,35.7302563,-78.6981179,24.987,-13.446894,-7.926378,-27.34339,-15.556156
222,55953,2.755619,2.080364,-4.873325,4.849098,35.7302556,-78.698115,24.99,0.499876,-13.206375,-25.455757,-21.98181
223,55954,2.655144,4.662727,-4.905895,4.510498,35.7302527,-78.6981131,25.0,-0.88258,-13.113377,-19.683273,-18.12598
224,55955,2.735748,2.593266,-4.201582,3.798523,35.7302499,-78.6981145,25.017,0.711842,-2.418793,-22.360943,-21.274124
225,55956,2.735748,2.593266,-4.201582,3.798523,35.730249,-78.6981179,25.026,1.548628,-2.814217,-22.860317,-24.27124
226,55957,3.395973,3.839554,-5.594011,5.262085,35.7302498,-78.6981206,25.044,0.981394,-2.790997,-23.186457,-26.454729
227,55958,3.395973,3.839554,-5.594011,5.262085,35.7302514,-78.6981212,25.069,-1.000654,-5.086454,-20.999451,-55.307762
228,55959,3.395973,3.839554,-5.594011,5.262085,35.7302526,-78.6981204,25.025,-0.746958,-6.824518,-23.737942,-20.22765
229,55960,2.755619,2.080364,-4.873325,4.849098,35.7302536,-78.6981194,25.002,0.768238,-6.425917,-21.934875,-24.182877
230,55961,2.755619,2.080364,-4.873325,4.849098,35.7302536,-78.6981201,25.03,0.331165,-6.103336,-24.170578,-19.52503
231,55962,3.862251,3.623749,-4.945107,2.481186,35.7302422,-78.698129,24.957,-1.889614,-7.54072,-24.285751,-21.94062
232,55963,3.635403,2.99424,-2.809666,4.176052,35.7302124,-78.6981512,25.088,-3.2705,-32.733028,-29.022781,-19.290501
233,55964,3.081276,3.266483,-2.427364,4.480106,35.7301626,-78.6981874,25.19,-3.085964,-12.000582,-43.30275,-17.865494
234,55965,3.781906,3.493191,-5.155432,4.351898,35.7300925,-78.6982372,25.187,-9.369514,-13.116688,-23.140345,-19.620461
235,55966,1.812834,1.310661,-4.865673,4.577187,35.730013,-78.6982935,25.249,-5.930134,-13.801388,-19.286005,-15.17826
236,55967,3.568073,4.596909,-4.51565,2.912315,35.7299324,-78.698351,25.279,-5.329048,-10.050444,-16.822672,-18.589771
237,55968,3.174477,5.110363,-4.71858,3.417458,35.7298536,-78.6984087,25.255,0.216007,-11.497753,-13.537222,-15.014276
238,55969,3.945438,4.380386,-5.740637,4.537556,35.7297752,-78.6984643,25.191,0.251404,-10.85375,-12.605173,-15.97772
239,55970,4.604111,5.095226,-3.806473,3.966679,35.7296971,-78.6985199,25.089,-2.177454,-16.720699,-16.387856,-15.804719
240,55971,3.007629,6.029259,-4.583241,3.9175,35.7296201,-78.6985755,25.084,-1.519732,-9.846378,-17.905575,-13.633766
241,55972,3.35323,4.771599,-4.466776,3.243389,35.7295428,-78.6986327,24.986,-3.468634,-11.070078,-19.532146,-17.546093
242,55973,4.649559,6.793682,-4.657667,3.380413,35.7294649,-78.6986896,24.842,-2.091097,-12.800568,-17.760674,-14.619878
243,55974,4.879414,5.258587,-6.107866,2.010372,35.7293867,-78.6987466,24.821,-3.106552,-14.324516,-19.634296,-18.145683
244,55975,2.999771,5.657585,-3.438368,1.648008,35.7293089,-78.6988037,24.871,-1.326763,-19.033802,-15.798082,-13.649115
245,55976,3.267796,5.100052,-4.687931,1.760916,35.7292317,-78.6988601,24.903,-1.069756,-16.913967,-18.619493,-12.262417
246,55977,3.031273,5.346146,-4.548277,3.867096,35.7291547,-78.6989163,24.93,-2.573395,-25.008259,-16.51235,-11.913046
247,55978,3.743244,6.81036,-3.60887,3.417809,35.7290779,-78.6989727,24.966,-5.420927,-21.549267,-18.235989,-14.419768
248,55979,3.034481,7.264645,-3.029718,1.589319,35.7290004,-78.6990285,25.007,-12.733978,-20.13422,-18.810637,-15.513412
249,55980,3.254646,8.879406,-3.671173,1.950727,35.7289229,-78.6990841,25.108,-6.445127,-23.074253,-20.887283,-14.494687
250,55981,2.106815,6.580391,-5.114634,1.363733,35.7288449,-78.6991403,25.125,-3.276581,-12.855831,-22.003128,-12.221495
251,55982,4.43581,9.133163,-5.052675,-1.03661,35.7287477,-78.6992106,24.941,-1.21121,-10.559832,-21.717247,-12.976542
252,55983,3.278622,8.402908,-5.539459,-0.435457,35.7286705,-78.6992661,24.966,-4.906858,-14.782888,-20.58127,-11.763266
253,55984,3.267223,6.901276,-4.076946,0.238621,35.7285935,-78.6993224,25.076,-4.314934,-9.78874,-19.625246,-16.816425
254,55985,4.431725,9.394253,-4.201941,0.355291,35.728516,-78.6993798,25.094,-6.830935,-8.751308,-17.418255,-14.450438
255,55986,3.429073,9.86647,-5.262951,0.229073,35.7284383,-78.6994368,25.109,-6.11759,-11.613197,-22.541807,-15.457805
256,55987,2.127048,9.779766,-4.971172,1.626453,35.728361,-78.6994928,25.138,-5.894815,-8.01442,-21.54101,-14.806743
257,55988,3.348518,9.56115,-3.557364,0.133732,35.728284,-78.6995479,25.003,-19.038565,-8.497066,-21.158556,-19.421158
258,55989,2.856197,5.754276,-3.663723,-0.920156,35.7282077,-78.6996029,24.924,-5.587046,-4.122828,-20.228277,-16.578194
259,55990,2.311722,11.530178,-4.186266,-0.119894,35.7281309,-78.6996587,24.848,-3.42746,-21.028847,-20.167187,-19.007898
260,55991,2.791157,12.493637,-4.674784,1.227619,35.7280536,-78.6997154,24.937,-2.145844,-3.045607,-19.720182,-19.810917
261,55992,2.193016,13.80756,-4.40873,0.463541,35.7279758,-78.6997719,24.964,-8.690825,-0.541357,-20.365728,-19.240068
262,55993,4.1618,13.649738,-5.671452,0.353489,35.7278979,-78.6998281,24.942,-8.695272,-7.230438,-23.648014,-17.928471
263,55994,3.787106,11.653679,-6.462206,-0.342987,35.7278205,-78.6998841,25.026,-9.420319,-2.985649,-23.036465,-19.480509
264,55995,1.603182,12.880672,-4.619545,-0.83429,35.7277428,-78.6999402,25.095,-13.061602,-4.961252,-24.105515,-14.994591
265,55996,2.207306,13.565765,-4.136791,-3.032,35.7276648,-78.6999973,25.082,-13.46834,0.533314,-24.43774,-17.956787
266,55997,2.573963,15.034481,-5.996143,-1.704824,35.7275887,-78.7000528,25.079,-4.864027,-10.186026,-21.553593,-16.382423
267,55998,0.503838,12.686058,-4.266262,-2.025446,35.7275208,-78.7001027,24.983,-5.663349,0.311827,-19.406406,-14.549138
268,55999,2.685432,13.946724,-4.77495,-2.517977,35.7274643,-78.7001444,24.747,-8.142063,-8.172729,-20.464916,-16.103189
269,56000,2.853943,14.956001,-4.552881,-0.630215,35.727419,-78.7001777,24.682,-16.633167,-5.45549,-20.564459,-15.666448
270,56001,2.213943,13.457485,-6.021597,-0.703489,35.7273837,-78.7002036,24.766,-7.206959,-2.658833,-19.118675,-17.039799
271,56002,1.741764,13.661942,-5.132193,-2.530628,35.7273593,-78.7002213,24.833,-12.123175,-10.108974,-18.731253,-11.801725
272,56003,1.370087,12.395157,-4.451376,-2.57403,35.727348,-78.7002288,24.907,-20.17016,-10.497435,-14.444147,-12.072308
273,56004,1.370087,12.395157,-4.451376,-2.57403,35.727347,-78.7002289,24.99,-18.804066,-13.258621,-13.005392,-11.675169
274,56005,2.360107,13.477566,-5.114117,-3.002903,35.7273491,-78.700227,24.99,-14.561898,-14.933665,-14.123826,-12.446226
275,56006,1.160303,12.841312,-5.518702,-3.533539,35.7273512,-78.7002254,25.0,-11.373777,-12.22183,-13.087431,-13.868193
276,56007,1.854847,12.475803,-4.056271,-0.656721,35.7273527,-78.700224,24.978,-10.197041,-12.316622,-12.393017,-13.441492
277,56008,2.835346,13.722149,-5.491245,-2.36809,35.7273527,-78.7002219,24.987,-7.506115,-12.816067,-14.416651,-15.038526
278,56009,2.835346,13.722149,-5.491245,-2.36809,35.7273508,-78.7002204,25.008,-11.119116,-10.5623,-11.443729,-16.085808
279,56010,2.835346,13.722149,-5.491245,-2.36809,35.7273489,-78.7002218,24.979,-6.205727,-15.105439,-15.220364,-21.075275
280,56011,2.360107,13.477566,-5.114117,-3.002903,35.7273488,-78.7002253,24.991,-17.908096,-15.629907,-21.885752,-31.539381
281,56012,1.160303,12.841312,-5.518702,-3.533539,35.7273512,-78.7002284,24.995,-13.322273,-9.75526,-32.649548,-20.752831
282,56013,2.575691,13.655331,-5.201761,-1.471487,35.7273546,-78.7002295,24.988,-12.906183,-19.836781,-27.884413,-14.511228
283,56014,2.575691,13.655331,-5.201761,-1.471487,35.7273569,-78.7002273,25.004,-7.043432,-16.624529,-17.68988,-15.983592
284,56015,1.164362,13.876331,-4.494663,-1.767151,35.7273573,-78.7002242,24.983,-4.802212,-8.826212,-14.30267,-16.792435
285,56016,0.855375,13.96701,-5.375814,-2.294266,35.7273567,-78.7002226,24.967,-6.139538,-6.178988,-17.297461,-14.891618
286,56017,0.855375,13.96701,-5.375814,-2.294266,35.7273557,-78.700223,24.98,-6.341116,-9.186152,-17.966713,-15.588157
287,56018,1.164362,13.876331,-4.494663,-1.767151,35.7273546,-78.7002241,24.973,-5.935066,-10.271217,-17.393436,-16.320011
288,56019,2.575691,13.655331,-5.201761,-1.471487,35.7273541,-78.7002248,24.957,-7.605467,-8.566822,-15.556033,-14.771598
289,56020,2.575691,13.655331,-5.201761,-1.471487,35.7273542,-78.7002252,24.984,-8.902359,-7.826813,-16.879261,-14.634479
290,56021,2.575691,13.655331,-5.201761,-1.471487,35.7273541,-78.7002264,25.001,-7.937344,-6.624842,-14.850578,-12.369246
291,56022,2.835346,13.722149,-5.491245,-2.36809,35.727347,-78.7002163,24.967,-11.747026,-14.876592,-36.296356,-16.925594
292,56023,1.407879,12.703777,-5.64356,-1.577414,35.7273275,-78.7001812,25.037,-15.909299,-13.662832,-21.270275,-16.059492
293,56024,0.403351,13.542805,-3.933252,-2.077179,35.7272958,-78.700122,25.117,-50.878124,-8.677328,-25.495239,-17.87085
294,56025,0.439741,14.459358,-5.19385,-2.001537,35.7272515,-78.7000402,25.154,-17.838417,-8.424021,-26.660824,-21.313499
295,56026,0.365025,11.611801,-4.011709,-2.677774,35.7272015,-78.6999469,25.238,-22.369083,-12.778814,-29.56386,-18.857002
296,56027,1.645735,10.288406,-4.503069,-1.749414,35.7271509,-78.6998524,25.153,-12.987743,-15.077992,-29.446507,-17.261105
297,56028,-0.01993,10.750393,-4.536993,-1.066881,35.7271006,-78.6997585,25.04,-17.053934,-9.501198,-26.429661,-16.581173
298,56029,3.047558,8.994415,-3.613365,-1.209383,35.7270507,-78.6996659,25.136,-6.523195,-12.116184,-25.999855,-17.77751
299,56030,2.49128,9.903297,-2.721106,-2.100492,35.7270014,-78.6995735,24.997,-7.313162,-12.062544,-24.849026,-20.402206
300,56031,2.811352,7.737572,-3.752882,-3.647974,35.7269514,-78.6994819,24.944,-9.409002,-13.146507,-24.222727,-18.773998
301,56032,4.239445,8.771683,-4.541014,-1.638083,35.7269007,-78.6993901,24.954,-7.195856,-19.028942,-26.903885,-22.288065
302,56033,3.960632,7.732635,-4.461069,-0.914576,35.7268503,-78.6992977,24.95,-8.539225,-17.005039,-25.340818,-18.272152
303,56034,3.315865,9.71381,-3.414785,-2.027719,35.7267997,-78.6992048,25.005,-14.786986,-13.119551,-23.097692,-21.336681
304,56035,2.178482,7.126423,-3.501465,-1.762238,35.7267492,-78.699112,24.911,-10.752554,-16.487806,-26.433691,-24.642309
305,56036,2.681091,5.63736,-4.289087,-2.93704,35.7266992,-78.69902,24.951,-4.233648,-18.611967,-25.509455,-21.069613
306,56037,-26.167347,5.767357,-4.85165,-1.712326,35.7266494,-78.6989284,24.944,-10.147202,-18.196358,-23.906548,-20.413944
307,56038,5.528454,0.296339,-4.014044,-2.104044,35.7266004,-78.6988371,24.925,-3.963896,-13.542549,-23.788378,-20.230471
308,56039,4.579758,8.389275,-2.764238,-1.451332,35.7265509,-78.6987455,24.951,-9.913784,-19.574541,-23.423454,-21.69717
309,56040,4.059994,5.418251,-2.005335,-3.443388,35.7265006,-78.698653,24.999,-9.566557,-21.793152,-22.554956,-26.286535
310,56041,4.32613,4.321026,-1.094477,-1.912384,35.7264502,-78.6985606,25.043,-8.08791,-18.721218,-22.665686,-23.782001
311,56042,4.584927,3.71413,-3.603214,-2.977324,35.7263999,-78.6984685,24.975,-18.893679,-11.357819,-23.603806,-23.221212
312,56043,3.562683,3.283314,-2.279774,-2.523104,35.7263503,-78.6983763,25.007,-5.402746,-36.882309,-24.447283,-20.119125
313,56044,4.511845,4.055389,-2.822636,-2.423172,35.7263004,-78.698284,24.944,-11.339762,-22.834171,-23.195227,-54.631355
314,56045,5.464512,5.126297,-1.198307,-1.380222,35.7262509,-78.6981914,25.004,-15.665754,-9.405056,-26.970203,-27.141365
315,56046,6.05806,3.213505,-9.645176,-2.758368,35.7262009,-78.6981002,25.035,-30.315392,-19.640629,-33.730698,-29.641113
316,56047,6.720036,3.275776,-1.446445,-3.233681,35.7261505,-78.6980091,24.945,-14.516207,-14.890953,-24.194653,-23.837749
317,56048,7.767139,2.301727,-2.727911,-3.300156,35.7261002,-78.6979175,25.002,-9.613068,-16.296568,-25.100588,-26.447918
318,56049,7.589405,4.024437,-3.125883,-3.523628,35.7260501,-78.6978254,24.98,-21.305359,-19.614315,-24.334057,-24.101223
319,56050,8.083378,3.26672,-0.858444,-3.199274,35.7260006,-78.6977332,24.998,-8.439196,-28.993246,-27.473166,-26.165617
320,56051,6.069569,2.061581,-0.580685,-4.024801,35.7259512,-78.6976412,25.029,-8.383799,-16.932528,-23.263954,-25.075333
321,56052,5.601719,1.457752,-0.621946,-3.618464,35.7259017,-78.6975493,24.97,-14.445023,-21.004393,-24.584393,-26.250061
322,56053,7.814838,0.641863,-0.543585,-2.414747,35.7258522,-78.6974571,25.011,-6.870392,-12.843172,-59.47031,-25.905304
323,56054,8.334503,2.461231,-0.300484,-1.247263,35.7258023,-78.6973648,25.044,-6.522175,-12.824831,-27.409815,-25.066517
324,56055,6.340298,2.200016,-1.428465,-1.507944,35.725752,-78.6972728,25.027,-7.271702,-15.931847,-28.339146,-26.405224
325,56056,6.841595,2.206818,-2.206797,-2.969954,35.7257016,-78.6971811,25.012,-5.448429,-21.075069,-51.069542,-24.121487
326,56057,8.103123,1.256098,-1.313993,-3.400299,35.7256513,-78.6970897,25.05,-1.745459,-17.247786,-24.645029,-25.732134
327,56058,7.718731,1.348608,-0.257809,-2.440994,35.7256012,-78.6969979,25.026,0.127028,-16.856024,-23.468288,-42.35881
328,56059,7.447929,-0.653673,1.055578,-4.349751,35.7255512,-78.696906,24.95,-1.56587,-24.120224,-24.81258,-62.179588
329,56060,7.969158,1.234993,0.489473,-4.391336,35.7255009,-78.6968143,24.91,-7.059084,-23.423513,-22.568296,-53.573753
330,56061,6.971786,0.416729,-0.163719,-3.911491,35.7254515,-78.6967228,25.058,2.163662,-20.390736,-27.049568,-52.046017
331,56062,7.871712,-1.442339,0.324131,-6.642302,35.7254022,-78.6966305,25.027,-4.857475,-15.986121,-59.685097,-52.060486
332,56063,8.891651,-0.485613,0.233583,-2.105015,35.725353,-78.6965379,24.978,-3.483225,-17.383795,-35.403114,-54.021339
333,56064,7.517841,-1.086252,1.106295,-3.475243,35.7253028,-78.6964457,24.898,0.320566,-14.094662,-21.606522,-63.344532
334,56065,8.213284,0.587208,0.227821,-3.976654,35.7252524,-78.6963542,24.907,3.615726,-17.231127,-23.532251,-55.007103
335,56066,6.672039,-1.065964,1.859497,-4.066183,35.7252022,-78.6962625,24.93,-1.938217,-23.128517,-23.648846,-52.785263
336,56067,5.067623,-1.545252,1.876564,-3.710194,35.7251522,-78.6961705,24.953,-3.649733,-21.980282,-21.074673,-52.609337
337,56068,7.377262,0.631844,2.311878,-4.725077,35.7251018,-78.6960787,24.925,-0.72114,-21.699547,-15.159557,-66.013786
338,56069,6.069267,-0.391436,2.894032,-4.174021,35.7250521,-78.6959869,24.986,-4.386848,-59.34803,-19.110157,-51.611187
339,56070,5.372799,-1.08214,2.347019,-3.582331,35.7250023,-78.6958949,25.008,-7.261625,-16.56716,-15.692647,-68.939148
340,56071,4.082485,-2.432503,0.608515,-5.25815,35.7249524,-78.6958025,25.001,-4.294922,-21.246052,-17.250984,-58.49575
341,56072,4.834373,-1.895855,3.929718,-4.918634,35.7249027,-78.6957101,24.979,-1.807026,-18.119165,-14.736741,-52.980801
342,56073,5.691872,-1.599192,3.317936,-5.073732,35.7248532,-78.6956174,25.041,-0.975792,-51.021774,-21.042152,-56.11689
343,56074,5.760571,-3.169556,-4.540571,-5.195072,35.724803,-78.6955249,24.937,-3.731897,-58.689621,-14.335624,-56.550995
344,56075,5.564747,-1.757601,3.089005,-5.749111,35.7247525,-78.6954334,24.973,-3.731897,-58.689621,-14.335624,-56.550995
345,56076,7.258198,-1.780975,2.380417,-5.774242,35.7247022,-78.6953421,24.976,-0.833193,-29.763521,-12.332924,-56.91349
346,56077,4.334911,-0.328693,3.615196,-6.240294,35.7246523,-78.6952501,24.965,-7.123098,-21.832291,-10.245161,-52.418045
347,56078,5.419422,-3.702333,3.216393,-7.531542,35.7246026,-78.6951577,24.981,-8.259895,-20.100609,-9.779726,-53.378227
348,56079,2.911835,-3.226343,2.699432,-5.305866,35.7245528,-78.6950651,24.997,-5.969723,-19.734665,-8.387829,-57.21479
349,56080,4.438526,-2.558418,2.232803,-6.973663,35.7245028,-78.6949733,24.966,-6.554323,-19.475105,-9.790127,-62.240482
350,56081,4.645424,-1.888903,5.454601,-5.875198,35.7244528,-78.6948818,24.98,-6.06699,-16.585999,-7.396299,-51.654694
351,56082,4.521889,-3.727892,4.948189,-5.645002,35.7244023,-78.6947899,25.007,-3.516563,-24.684509,-7.2878,-52.297531
352,56083,3.538612,-1.524572,4.243244,-5.623249,35.7243526,-78.694698,25.008,-1.612154,-15.984032,-7.807333,-52.626148
353,56084,4.046635,-4.512827,3.184387,-7.033072,35.7243031,-78.6946061,24.976,-1.921484,-16.456326,-7.491777,-50.023876
354,56085,-2.382036,-4.579967,5.025719,-20.242149,35.7242534,-78.6945142,24.98,-0.678591,-25.435772,-5.966785,-53.716347
355,56086,2.152374,-4.322123,7.353809,-7.966047,35.7242035,-78.6944221,24.983,-0.058846,-19.241123,-8.750605,-53.677883
356,56087,2.475159,-2.826521,6.107853,-4.685919,35.7241531,-78.69433,24.99,-0.131199,-60.006767,-14.006932,-53.530766
357,56088,2.098637,-2.991732,6.715523,-5.341431,35.7241027,-78.6942377,25.003,-0.521528,-26.246861,-7.542843,-51.744972
358,56089,2.345703,-4.042814,5.204262,-6.539286,35.7240528,-78.6941455,24.999,2.682522,-23.849707,-7.086887,-51.124653
359,56090,3.636986,-5.534859,6.092911,-6.713394,35.7240031,-78.6940536,24.988,1.388004,-53.527573,-9.051615,-52.561802
360,56091,1.894407,-2.100292,6.193134,-5.292192,35.7239534,-78.6939618,24.976,3.639935,-25.758507,-10.10248,-54.050774
361,56092,1.587717,-5.118423,6.349991,-6.12352,35.7239037,-78.69387,24.97,3.761902,-17.69195,-12.414921,-54.862122
362,56093,2.267883,-10.37916,6.733902,-7.555744,35.7238542,-78.6937781,25.015,2.976555,-23.187677,-7.741941,-54.027725
363,56094,1.387241,-4.685514,6.503155,-5.907495,35.7238042,-78.6936864,24.982,-4.064108,-23.219917,-6.994759,-52.432217
364,56095,0.59796,-2.646126,7.086399,-6.877077,35.7237541,-78.6935945,25.002,-0.63327,-21.521103,-8.997566,-52.151794
365,56096,0.199833,-4.210022,7.723511,-7.793713,35.7237039,-78.693502,25.016,-2.792341,-22.105293,-6.395548,-51.686913
366,56097,1.276276,-4.941757,8.132015,-6.765356,35.7236553,-78.6934124,25.077,-11.577074,-23.157341,-4.011778,-50.516266
367,56098,0.208433,-5.380945,8.158894,-8.904819,35.7236127,-78.6933329,25.054,-18.913612,-57.284096,-4.375341,-55.096443
368,56099,2.055996,-3.796124,7.394718,-6.911896,35.7235781,-78.6932669,24.807,4.761364,-17.31311,-0.922049,-53.605873
369,56100,2.055996,-3.796124,7.394718,-6.911896,35.7235511,-78.6932149,24.681,-13.785656,-22.706301,-1.984039,-54.754646
370,56101,0.303249,-5.516193,9.878597,-8.210032,35.7235286,-78.693174,24.775,2.280003,-21.955862,2.956188,-55.74472
371,56102,0.481701,-6.049582,8.16618,-7.092321,35.7235126,-78.6931468,24.874,3.638184,-21.280998,3.043682,-51.626686
372,56103,-0.254967,-5.9282,6.297905,-5.548548,35.723506,-78.6931361,24.941,4.809582,-23.120173,0.468559,-53.824108
373,56104,-0.254967,-5.9282,6.297905,-5.548548,35.7235061,-78.6931369,25.019,2.866901,-27.363966,0.93046,-54.652306
374,56105,1.119663,-13.064089,10.227123,-7.708828,35.7235076,-78.693141,25.007,1.576595,-26.342289,0.824802,-53.077301
375,56106,-1.307949,-3.980162,8.735619,-7.871824,35.7235086,-78.6931445,25.018,-3.986759,-24.05254,1.633125,-53.047714
376,56107,0.95146,-5.318203,6.427204,-6.371937,35.7235091,-78.6931466,24.953,-8.187143,-25.875633,2.235085,-54.067932
377,56108,-0.075869,-6.223249,8.493935,-6.766148,35.7235097,-78.6931449,25.061,-5.900295,-21.271935,-4.288256,-51.561745
378,56109,-0.092981,-6.42588,9.874016,-14.533292,35.7235095,-78.693141,24.973,-10.097099,-22.155695,1.693361,-56.376358
379,56110,-0.254967,-5.9282,6.297905,-5.548548,35.7235081,-78.6931375,24.995,-11.223257,-29.951418,-0.466177,-49.936783
380,56111,-0.254967,-5.9282,6.297905,-5.548548,35.7235061,-78.6931388,24.967,-10.469105,-34.717056,-8.236393,-51.078415
381,56112,1.119663,-13.064089,10.227123,-7.708828,35.7235057,-78.6931427,25.057,-4.573965,-55.322197,-9.667175,-49.853115
382,56113,0.267513,-3.78249,10.318161,-7.599094,35.723507,-78.6931472,24.98,-10.479624,-63.908081,-5.330446,-52.165665
383,56114,0.95146,-5.318203,6.427204,-6.371937,35.7235098,-78.6931496,24.983,-8.27923,-59.287086,-2.841644,-55.219059
384,56115,0.481701,-6.049582,8.16618,-7.092321,35.7235117,-78.6931505,24.983,-3.54487,-27.30274,1.528187,-54.301384
385,56116,0.481701,-6.049582,8.16618,-7.092321,35.7235125,-78.6931506,24.974,-4.009809,-26.807558,2.783234,-55.309456
386,56117,0.481701,-6.049582,8.16618,-7.092321,35.7235124,-78.6931498,24.962,-3.156691,-23.155209,3.157513,-54.851395
387,56118,0.481701,-6.049582,8.16618,-7.092321,35.7235117,-78.6931486,24.965,-6.434135,-25.171394,2.905853,-54.712402
388,56119,-0.224443,-4.894279,9.42617,-6.944836,35.723511,-78.6931474,25.002,-4.615114,-23.708069,3.457699,-51.111023
389,56120,0.95146,-5.318203,6.427204,-6.371937,35.7235094,-78.6931467,24.998,-2.514378,-34.625069,1.000589,-49.509689
390,56121,-1.307949,-3.980162,8.735619,-7.871824,35.7235066,-78.6931456,24.984,-3.114771,-60.508629,-8.797621,-54.38377
391,56122,1.119663,-13.064089,10.227123,-7.708828,35.7235053,-78.6931436,24.986,-10.575579,-29.589146,-16.246716,-56.151443
392,56123,0.481701,-6.049582,8.16618,-7.092321,35.7235175,-78.6931509,24.973,-19.080906,-62.356747,-7.474199,-54.192242
393,56124,0.747921,-5.101307,9.121174,-5.99509,35.7235501,-78.693176,25.091,-6.800224,-53.864838,-6.917242,-54.434555
394,56125,0.27883,-5.809837,8.629456,-7.900257,35.7236004,-78.6932197,25.171,-6.46731,-59.25563,-7.802481,-53.049911
395,56126,-1.451458,-4.740501,9.243641,-6.096544,35.7236674,-78.6932791,25.216,-3.571146,-56.657532,-5.996956,-52.452393
396,56127,-0.058348,-3.937931,8.689907,-7.816118,35.7237401,-78.6933457,25.299,-7.874563,-58.697647,-4.503933,-52.803993
397,56128,-0.34799,-6.355473,8.373222,-7.012632,35.7238121,-78.6934135,25.188,-13.503899,-27.28389,-3.952068,-51.82254
398,56129,1.296368,-4.99577,6.746513,-5.293631,35.7238842,-78.6934807,25.15,-9.714737,-53.511395,-2.028343,-53.456585
399,56130,1.363005,-5.432701,9.523338,-5.148766,35.7239564,-78.6935472,25.116,-8.894104,-63.613319,-1.009558,-52.399536
400,56131,2.327065,-3.49905,6.647484,-6.550631,35.7240292,-78.6936125,25.031,-6.493113,-34.324055,-6.428909,-54.25779
401,56132,3.823792,-4.982225,7.817894,-5.376665,35.7241018,-78.6936776,25.002,-16.736832,-25.447062,-4.015251,-51.858639
402,56133,0.538076,-4.724792,10.084522,-6.489799,35.7241747,-78.6937425,24.913,-8.164921,-25.594292,-1.732218,-52.932384
403,56134,2.189114,-4.616863,8.129528,-5.022713,35.7242479,-78.6938076,24.932,-9.51302,-60.480194,-6.584194,-51.509415
404,56135,1.787872,-4.19519,8.098042,-5.787615,35.7243216,-78.6938731,24.951,-5.950155,-34.575317,-6.631174,-51.665241
405,56136,1.432875,-4.01754,9.09314,-7.046484,35.7243947,-78.693939,24.957,-6.973524,-28.343809,-4.128153,-51.284088
406,56137,4.396824,-5.498791,7.315125,-4.36445,35.7244685,-78.6940051,24.959,-7.509832,-24.054203,-2.883728,-52.381275
407,56138,2.537643,-3.785667,7.705448,-5.322409,35.7245418,-78.694071,25.025,-4.442715,-29.020464,-0.556248,-55.531406
408,56139,3.044067,-4.071394,8.049889,-5.83506,35.7246139,-78.6941367,24.995,-5.766525,-27.741451,-1.148382,-57.479713
409,56140,2.339569,-3.276217,6.69553,-6.915209,35.7246858,-78.6942024,24.938,-5.440033,-28.756826,-2.282309,-51.991615
410,56141,2.867458,-3.914301,7.007107,-3.545839,35.7247581,-78.6942671,24.993,-5.275105,-34.57135,-4.782852,-51.98999
411,56142,5.281075,-2.045712,6.459301,-4.715364,35.7248302,-78.6943311,24.949,-3.697767,-53.274879,-5.097248,-52.026924
412,56143,5.516911,-4.261688,4.883995,-4.122688,35.7249021,-78.6943949,25.023,-3.697767,-53.274879,-5.097248,-52.026924
413,56144,4.737892,-2.796297,5.262733,-5.815336,35.7249757,-78.6944598,25.031,-7.82539,-51.125542,-2.691519,-53.187714
414,56145,5.6409,-2.609579,7.161343,-5.185167,35.7250495,-78.6945258,24.979,-7.479927,-49.70974,-5.796236,-50.614746
415,56146,2.772083,-1.757219,6.325306,-2.378273,35.7251226,-78.6945915,25.007,-6.446999,-41.981094,-6.896524,-53.879757
416,56147,5.421547,-2.56909,4.319714,-6.039875,35.7251948,-78.6946569,25.038,-6.770733,-22.077526,-4.201208,-55.238617
417,56148,5.27153,-3.510641,5.228565,-5.471077,35.7252667,-78.6947222,25.027,-3.994722,-27.063644,-5.397352,-50.099281
418,56149,7.464199,-3.067963,5.674221,-4.695681,35.7253387,-78.6947871,25.053,-7.261311,-20.49839,-7.078424,-51.564163
419,56150,6.572842,-1.245741,4.495819,-3.744823,35.7254108,-78.6948519,25.071,-9.163862,-25.867813,-5.818588,-53.094887
420,56151,7.797264,-4.306005,4.099613,-5.923893,35.725483,-78.694916,25.029,-11.910316,-19.664246,-4.510975,-51.84185
421,56152,7.361813,-2.220026,4.902847,-5.214991,35.7255555,-78.6949805,25.085,-16.200508,-20.499735,-6.906416,-51.594513
422,56153,6.79224,-2.596991,3.549595,-3.916142,35.7256278,-78.6950458,25.047,-8.878651,-16.330662,-9.270679,-51.495209
423,56154,8.857574,-2.502205,5.090435,-3.46899,35.7257005,-78.6951116,25.082,-13.102037,-17.662603,-8.658699,-52.526985
424,56155,8.825123,-1.706831,3.843239,-4.12719,35.7257739,-78.6951775,25.06,-12.343569,-20.02293,-7.692116,-52.104717
425,56156,7.719486,-2.704403,2.40276,-4.694035,35.7258473,-78.6952433,25.048,-10.544302,-20.547798,-6.444042,-51.084724
426,56157,9.715652,-4.966526,3.368053,-4.336586,35.7259207,-78.6953087,25.012,-15.033024,-23.027779,-9.079815,-54.026119
427,56158,8.911774,-1.481962,1.858461,-4.255028,35.7259936,-78.6953744,25.087,-7.822159,-21.246742,-12.669405,-52.566467
428,56159,10.344852,-1.115503,2.914585,-3.195913,35.7260667,-78.6954394,25.061,-6.212439,-22.663063,-12.951498,-50.648277
429,56160,11.04813,-2.746666,1.967697,-3.591921,35.7261397,-78.6955047,25.042,-3.124392,-21.174255,-12.893953,-53.001537
430,56161,11.977604,-1.594778,2.316883,-4.098848,35.726212,-78.6955706,24.982,-1.15448,-25.549847,-9.117819,-53.507782
431,56162,9.234425,0.493452,4.267639,-4.303932,35.7262839,-78.6956359,25.038,-1.970318,-21.274452,-10.24662,-52.737503
432,56163,11.252567,-2.327137,0.481676,-2.639557,35.7263553,-78.6957,25.032,-5.261969,-23.340879,-9.292524,-57.185242
433,56164,13.181839,0.220976,2.702362,-3.286781,35.7264267,-78.6957636,24.954,-21.755331,-22.238297,-12.936852,-55.77346
434,56165,10.47131,-1.121809,1.307541,-3.342522,35.7264993,-78.695828,25.006,-11.511116,-17.621735,-11.4408,-49.537514
435,56166,12.837437,-0.093441,1.801216,-3.327015,35.7265734,-78.6958933,25.061,-5.714945,-16.352592,-13.413448,-54.650822
436,56167,14.815376,-1.341671,-0.131081,-2.139568,35.7266469,-78.6959593,25.062,-8.306471,-19.54966,-14.182202,-50.946846
437,56168,14.87867,0.393578,2.333893,-3.776625,35.7267196,-78.6960248,25.067,-0.418495,-23.546734,-10.027384,-52.599754
438,56169,14.80439,2.444489,2.613449,-2.172783,35.7267918,-78.6960904,24.975,4.57542,-23.053379,-12.54402,-50.557602
439,56170,15.956261,0.288614,-0.324654,-2.607658,35.7268642,-78.6961556,24.997,5.17046,-23.396368,-10.725636,-51.61396
440,56171,17.246998,-1.31889,0.894264,-3.136286,35.7269375,-78.6962203,25.104,7.030178,-62.535286,-13.318132,-52.523422
441,56172,18.934193,-0.121222,0.292908,-3.220448,35.7270064,-78.6962822,25.155,10.203827,-73.293259,-10.67519,-50.991802
442,56173,16.153004,-0.609478,0.266018,-3.54092,35.7270665,-78.6963362,25.078,3.564526,-26.602564,-18.20005,-53.97559
443,56174,17.956211,-0.534452,0.28042,-0.158802,35.7271164,-78.6963802,25.044,0.657564,-22.152412,-9.477688,-48.396843
444,56175,19.575222,0.960421,0.641703,-2.842974,35.7271557,-78.6964141,25.014,-1.467678,-21.208426,-10.425541,-50.661568
445,56176,18.286678,2.331417,-2.195227,-0.850813,35.7271835,-78.6964384,24.842,6.912346,-39.492283,-16.455473,-54.663734
446,56177,18.91761,2.655823,-0.447144,-2.741024,35.7271991,-78.6964522,24.75,5.625996,-24.213985,-17.722599,-52.675125
447,56178,19.751152,-0.352575,-0.939474,-0.992176,35.7272031,-78.6964565,24.863,-5.194624,-13.103577,-15.524407,-52.562485
448,56179,19.751152,-0.352575,-0.939474,-0.992176,35.7272041,-78.696456,24.9,5.566395,-19.71294,-23.493931,-53.718399
449,56180,17.706379,-0.494938,1.506287,-2.684198,35.7272228,-78.6964491,24.744,-1.050802,-18.114662,-26.888853,-53.456238
450,56181,17.706379,-0.494938,1.506287,-2.684198,35.7272623,-78.6964319,24.82,-3.827795,-18.010931,-23.571041,-52.955368
451,56182,-99.0,-99.0,-99.0,-99.0,35.7273208,-78.6964021,24.924,7.097374,-15.672683,-23.057266,-51.778732
452,56183,-99.0,-99.0,-99.0,-99.0,35.7273797,-78.6963702,24.969,9.355717,-17.174782,-24.06971,-51.765671
453,56184,21.522636,-0.618916,-28.232973,-1.064907,35.7274285,-78.6963427,24.75,13.772682,-17.311241,-14.34896,-53.338501
454,56185,21.522636,-0.618916,-28.232973,-1.064907,35.7274651,-78.6963223,24.66,6.01004,-18.268211,-11.630991,-53.521339
455,56186,24.970516,1.039961,-25.168854,-1.702986,35.7274887,-78.6963098,24.605,15.835197,-14.714984,-10.377762,-51.362862
456,56187,24.970516,1.039961,-25.168854,-1.702986,35.7274967,-78.6963058,23.811,12.704704,-18.474663,-11.772556,-60.924713
457,56188,24.970516,1.039961,-25.168854,-1.702986,35.7274979,-78.6963049,22.225,15.429005,-19.573185,-14.440697,-51.888092
458,56189,24.970516,1.039961,-25.168854,-1.702986,35.7274969,-78.6963048,20.782,1.298643,-18.146088,-11.551142,-51.705894
459,56190,24.970516,1.039961,-25.168854,-1.702986,35.7274954,-78.6963062,19.327,7.396942,-21.01181,-10.905411,-55.695686
460,56191,24.970516,1.039961,-25.168854,-1.702986,35.7274936,-78.6963078,17.828,0.909925,-14.985237,-15.587708,-53.352566
461,56192,-99.0,-99.0,-99.0,-99.0,35.7274926,-78.6963093,16.353,6.986309,-15.792589,-13.623833,-51.802807
462,56193,-99.0,-99.0,-99.0,-99.0,35.7274921,-78.6963099,14.857,16.122276,-16.193144,-11.131886,-52.894478
463,56194,-99.0,-99.0,-99.0,-99.0,35.7274918,-78.6963099,13.327,4.863667,-18.003708,-19.199928,-52.095272
464,56195,-99.0,-99.0,-99.0,-99.0,35.7274916,-78.6963093,11.816,4.599434,-22.746626,-13.678099,-52.335484
465,56196,-99.0,-99.0,-99.0,-99.0,35.7274922,-78.6963084,10.464,15.998455,-18.97332,-15.65086,-50.856037
466,56197,-99.0,-99.0,-99.0,-99.0,35.7274928,-78.696308,10.055,16.657692,-22.500675,-12.943546,-53.099091
467,56198,-99.0,-99.0,-99.0,-99.0,35.7274934,-78.6963078,9.596,14.836491,-23.263474,-14.02311,-52.43972
468,56199,-99.0,-99.0,-99.0,-99.0,35.7274937,-78.6963077,9.02,17.935966,-20.500681,-18.784031,-52.735199
469,56200,-99.0,-99.0,-99.0,-99.0,35.7274933,-78.6963077,8.532,21.262093,-30.030836,-19.629923,-51.542553
470,56201,-99.0,-99.0,-99.0,-99.0,35.7274928,-78.6963079,8.04,18.127956,-26.730438,-20.518555,-51.696018
471,56202,-99.0,-99.0,-99.0,-99.0,35.7274922,-78.6963081,7.541,7.276413,-21.756584,-24.589054,-49.672974
472,56203,-99.0,-99.0,-99.0,-99.0,35.7274922,-78.6963082,7.038,12.84642,-17.20776,-21.716894,-51.418961
473,56204,-99.0,-99.0,-99.0,-99.0,35.7274923,-78.6963081,6.557,20.255447,-18.031294,-57.492607,-52.166229
474,56205,-99.0,-99.0,-99.0,-99.0,35.7274922,-78.6963078,6.04,20.432682,-21.992474,-52.835678,-51.159103
475,56206,-99.0,-99.0,-99.0,-99.0,35.7274923,-78.6963077,5.569,17.306992,-25.62611,-25.943918,-52.823669
476,56207,-99.0,-99.0,-99.0,-99.0,35.7274923,-78.6963077,5.04,17.123993,-57.523262,-61.322102,-53.154049
477,56208,-99.0,-99.0,-99.0,-99.0,35.7274924,-78.6963079,4.508,16.639477,-27.744804,-50.856602,-52.600273
478,56209,-99.0,-99.0,-99.0,-99.0,35.7274927,-78.696308,4.013,17.775517,-24.155807,-62.457863,-51.828873
479,56210,-99.0,-99.0,-99.0,-99.0,35.7274931,-78.6963079,3.524,16.379032,-26.577847,-57.54097,-54.446552
480,56211,-99.0,-99.0,-99.0,-99.0,35.7274934,-78.6963078,3.007,16.379032,-26.577847,-57.54097,-54.446552
481,56212,-99.0,-99.0,-99.0,-99.0,35.7274934,-78.6963079,2.513,18.178665,-23.503012,-65.58313,-53.9772
482,56213,-99.0,-99.0,-99.0,-99.0,35.7274931,-78.6963078,2.005,20.144653,-28.743235,-53.927608,-51.245949
483,56214,-99.0,-99.0,-99.0,-99.0,35.727493,-78.6963078,1.497,19.511517,-54.003159,-59.053955,-52.57412
484,56215,-99.0,-99.0,-99.0,-99.0,35.7274933,-78.6963077,1.029,17.526608,-24.580515,-52.439236,-52.74472
485,56216,-99.0,-99.0,-99.0,-99.0,35.7274934,-78.6963079,0.9,17.526608,-24.580515,-52.439236,-52.74472
486,56217,-99.0,-99.0,-99.0,-99.0,35.7274934,-78.6963079,0.858,19.386868,-21.49317,-57.259232,-54.955128
